locality,region,Month,Room_nights_occupied,Room_nights_available,Takings_from_accommodation,Average_takings_per_room_night_occupied
BIG DESERT,Melbourne,7,3219.00,4960.00,464016.00,220
PORT SEA,Melbourne,July,,,,102
SWAN BAY,Melbourne,7,3680.00,5301.00,532882.00,144.81
Flemington,Melbourne,July,,,,
Moonee Ponds,Melbourne,July,,,,
Carlton,Melbourne,July,13696.00,21638.00,2205420.00,161.03
Docklands,Melbourne,July,33423.00,36673.00,6694453.00,200.30
East Melbourne,Melbourne,July,35421.00,46438.00,6601762.00,186.38
Melbourne,Melbourne,July,348968.00,398368.00,66478176.00,190.50
North Melbourne,Melbourne,July,3662.00,7285.00,513198.00,140.15
Parkville,Melbourne,July,6578.00,8277.00,838469.00,127.46
South Yarra - West,Melbourne,July,,,,
Southbank,Melbourne,July,93041.00,101277.00,25703815.00,276.26
Albert Park,Melbourne,July,37756.00,46440.00,5282644.00,139.91
South Melbourne,Melbourne,July,,,,
St Kilda,Melbourne,July,20131.00,25606.00,2658140.00,132.04
Prahran - Windsor,Melbourne,July,,,,
South Yarra - East,Melbourne,July,19107.00,23467.00,3815380.00,199.69
Toorak,Melbourne,July,,,,
Abbotsford,Melbourne,July,,,,
Carlton North - Princes Hill,Melbourne,July,,,,
Fitzroy,Melbourne,July,3206.00,4371.00,681795.00,212.66
Richmond (Vic.),Melbourne,July,5384.00,7626.00,867897.00,161.20
Yarra - North,Melbourne,July,,,,
Hawthorn,Melbourne,July,,,,
Hawthorn East,Melbourne,July,,,,
Kew,Melbourne,July,5368.00,7657.00,851580.00,158.64
Doncaster,Melbourne,July,,,,
Doncaster East,Melbourne,July,,,,
Blackburn,Melbourne,July,,,,
Box Hill,Melbourne,July,,,,
Burwood,Melbourne,July,,,,
Burwood East,Melbourne,July,,,,
Surrey Hills (East) - Mont Albert,Melbourne,July,,,,
Beaumaris,Melbourne,July,,,,
Brighton (Vic.),Melbourne,July,2983.00,4867.00,475414.00,159.40
Carnegie,Melbourne,July,,,,
Caulfield - North,Melbourne,July,,,,
Hughesdale,Melbourne,July,1739.00,2635.00,265809.00,152.85
Braeside,Melbourne,July,,,,
Cheltenham - Highett (East),Melbourne,July,,,,
Mentone,Melbourne,July,,,,
Moorabbin - Heatherton,Melbourne,July,,,,
Ivanhoe,Melbourne,July,,,,
Viewbank - Yallambie,Melbourne,July,,,,
Kingsbury,Melbourne,July,,,,
Preston,Melbourne,July,,,,
Reservoir - West,Melbourne,July,,,,
Bundoora - North,Melbourne,July,,,,
Mill Park - North,Melbourne,July,,,,
Thomastown,Melbourne,July,,,,
Airport West,Melbourne,July,,,,
Keilor,Melbourne,July,,,,
Coburg North,Melbourne,July,,,,
Fawkner,Melbourne,July,,,,
Sunbury - South,Melbourne,July,,,,
Broadmeadows,Melbourne,July,,,,
Campbellfield - Coolaroo,Melbourne,July,,,,
Gladstone Park - Westmeadows,Melbourne,July,,,,
Melbourne Airport,Melbourne,July,,,,
Tullamarine,Melbourne,July,,,,
Ferntree Gully,Melbourne,July,,,,
Rowville - South,Melbourne,July,,,,
Wantirna,Melbourne,July,,,,
Wantirna South,Melbourne,July,,,,
Croydon,Melbourne,July,1269.00,2511.00,143781.00,113.33
Ringwood,Melbourne,July,1566.00,2387.00,209253.00,133.62
Forest Hill,Melbourne,July,,,,
Nunawading,Melbourne,July,,,,
Doveton,Melbourne,July,,,,
Hallam,Melbourne,July,,,,
Narre Warren,Melbourne,July,,,,
Cranbourne,Melbourne,July,809.00,2914.00,92436.00,114.26
Dandenong,Melbourne,July,7037.00,10695.00,840056.00,119.38
Keysborough,Melbourne,July,,,,
Noble Park,Melbourne,July,,,,
Springvale,Melbourne,July,,,,
Ashwood - Chadstone,Melbourne,July,,,,
Clayton,Melbourne,July,1742.00,2356.00,237796.00,136.51
Glen Waverley - East,Melbourne,July,,,,
Glen Waverley - West,Melbourne,July,12966.00,16802.00,2521972.00,194.51
Mount Waverley - South,Melbourne,July,,,,
Mulgrave,Melbourne,July,,,,
Oakleigh - Huntingdale,Melbourne,July,,,,
Ardeer - Albion,Melbourne,July,,,,
Taylors Lakes,Melbourne,July,,,,
Williamstown,Melbourne,July,3719.00,4433.00,722493.00,194.27
Footscray,Melbourne,July,,,,
Caroline Springs,Melbourne,July,,,,
Melton,Melbourne,July,,,,
Melton South,Melbourne,July,,,,
Hoppers Crossing - North,Melbourne,July,,,,
Laverton,Melbourne,July,,,,
Point Cook,Melbourne,July,,,,
Werribee - South,Melbourne,July,3576.00,5921.00,597674.00,167.15
Nhill Region,Wimmera,July,,,,
Buloke,Wimmera,July,,,,
Mildura,Mallee,July,14950.00,27807.00,1622770.00,108.55
Mildura Region,Mallee,July,,,,
Red Cliffs,Mallee,July,,,,
Gannawarra,Mallee,July,,,,
Kerang,Mallee,July,,,,
Swan Hill,Mallee,July,5156.00,10168.00,544608.00,105.63
Swan Hill Region,Mallee,July,,,,
Lorne - Anglesea,Western,July,3942.00,10447.00,646673.00,164.03
Torquay,Western,July,3002.00,7626.00,283647.00,94.49
Portland,Western,July,1961.00,5456.00,257406.00,131.26
Camperdown,Western,July,,,,
Colac,Western,July,1337.00,3441.00,138283.00,103.43
Corangamite - South,Western,July,1708.00,3596.00,294255.00,172.25
Moyne - West,Western,July,1736.00,3844.00,211854.00,122.04
Otway,Western,July,,,,
Warrnambool - North,Western,July,1572.00,5146.00,149691.00,95.22
Warrnambool - South,Western,July,8230.00,16926.00,1064366.00,129.33
Horsham,Western Grampians,July,,,,
Hamilton (Vic.),Western Grampians,July,1591.00,3906.00,189676.00,119.22
Southern Grampians,Western Grampians,July,,,,
Maryborough (Vic.),Bendigo Loddon,July,849.00,1860.00,101077.00,119.05
Bendigo,Bendigo Loddon,July,10357.00,14508.00,1310599.00,126.54
California Gully - Eaglehawk,Bendigo Loddon,July,,,,
East Bendigo - Kennington,Bendigo Loddon,July,2695.00,4774.00,370086.00,137.32
Kangaroo Flat - Golden Square,Bendigo Loddon,July,,,,
White Hills - Ascot,Bendigo Loddon,July,,,,
Castlemaine,Bendigo Loddon,July,738.00,1705.00,79876.00,108.30
Loddon,Bendigo Loddon,July,,,,
Carrum Downs,Peninsula,July,,,,
Frankston,Peninsula,July,4066.00,7843.00,587858.00,144.59
Seaford,Peninsula,July,,,,
Flinders,Peninsula,July,,,,
Hastings - Somers,Peninsula,July,,,,
Mornington,Peninsula,July,,,,
Mount Eliza,Peninsula,July,,,,
Point Nepean,Peninsula,July,3473.00,8587.00,539520.00,155.35
Rosebud - McCrae,Peninsula,July,,,,
Somerville,Peninsula,July,,,,
Echuca,Central Murray,July,6363.00,13423.00,736308.00,115.72
Rochester,Central Murray,July,,,,
Cobram,Central Murray,July,,,,
Yarrawonga,Central Murray,July,,,,
Euroa,Goulburn,July,,,,
Kilmore - Broadford,Goulburn,July,,,,
Nagambie,Goulburn,July,443.00,2356.00,57140.00,128.98
Seymour,Goulburn,July,911.00,1488.00,116500.00,127.95
Seymour Region,Goulburn,July,,,,
Wallan,Goulburn,July,,,,
Mooroopna,Goulburn,July,,,,
Shepparton - North,Goulburn,July,2806.00,5487.00,339748.00,121.07
Shepparton - South,Goulburn,July,6748.00,12462.00,820176.00,121.55
Mansfield (Vic.),High Country,July,11761.00,16461.00,4158615.00,353.59
Benalla,High Country,July,1620.00,3100.00,183271.00,113.13
Rutherglen,High Country,July,513.00,1457.00,65530.00,127.74
Wangaratta,High Country,July,4098.00,7998.00,512650.00,125.11
Wangaratta Region,High Country,July,,,,
Beechworth,High Country,July,683.00,1953.00,81359.00,119.12
Towong,High Country,July,,,,
Bright - Mount Beauty,High Country,July,16107.00,31155.00,4826478.00,299.65
Myrtleford,High Country,July,,,,
Yackandandah,High Country,July,,,,
Bairnsdale,Lakes,July,2644.00,6634.00,322963.00,122.15
Bruthen - Omeo,Lakes,July,,,,
Lakes Entrance,Lakes,July,4731.00,13764.00,486544.00,102.84
Orbost,Lakes,July,517.00,1984.00,62431.00,120.76
Paynesville,Lakes,July,,,,
Drouin,Gippsland,July,,,,
Mount Baw Baw Region,Gippsland,July,,,,
Warragul,Gippsland,July,1112.00,3255.00,135245.00,121.62
Foster,Gippsland,July,,,,
Korumburra,Gippsland,July,,,,
Leongatha,Gippsland,July,,,,
Moe - Newborough,Gippsland,July,,,,
Morwell,Gippsland,July,1821.00,4805.00,190457.00,104.59
Traralgon,Gippsland,July,4230.00,8804.00,529179.00,125.10
Maffra,Gippsland,July,,,,
Sale,Gippsland,July,4773.00,9672.00,629595.00,131.90
Yarram,Gippsland,July,,,,
Eltham,Melbourne East,July,,,,
Chirnside Park,Melbourne East,July,,,,
Healesville - Yarra Glen,Melbourne East,July,,,,
Kilsyth,Melbourne East,July,,,,
Lilydale - Coldstream,Melbourne East,July,934.00,3193.00,172919.00,185.12
Mount Dandenong - Olinda,Melbourne East,July,,,,
Mount Evelyn,Melbourne East,July,,,,
Yarra Valley,Melbourne East,July,,,,
Beaconsfield - Officer,Melbourne East,July,,,,
Belmont,Geelong,July,,,,
Corio - Norlane,Geelong,July,,,,
Geelong,Geelong,July,12134.00,19840.00,1684553.00,138.83
Geelong West - Hamlyn Heights,Geelong,July,,,,
Newtown (Vic.),Geelong,July,640.00,2170.00,94841.00,148.19
North Geelong - Bell Park,Geelong,July,,,,
Ocean Grove - Barwon Heads,Geelong,July,,,,
Portarlington,Geelong,July,,,,
Queenscliff,Geelong,July,,,,
Woodend,Macedon,July,,,,
Macedon,Macedon,July,,,,
Romsey,Macedon,July,,,,
Creswick - Clunes,Spa Country ,July,,,,
Daylesford,Spa Country ,July,,,,
Alfredton,Ballarat,July,1972.00,5022.00,202150.00,102.51
Ballarat,Ballarat,July,6423.00,11935.00,931509.00,145.03
Ballarat - North,Ballarat,July,,,,
Ballarat - South,Ballarat,July,4542.00,8184.00,772380.00,170.04
Delacombe,Ballarat,July,,,,
Avoca,Central Highlands,July,,,,
Ararat,Central Highlands,July,1056.00,1860.00,105845.00,100.23
St Arnaud,Central Highlands,July,,,,
Stawell,Central Highlands,July,,,,
Alexandra,Upper Yarra,July,,,,
Yea,Upper Yarra,July,,,,
Wodonga,Murray East,July,3678.00,7688.00,488100.00,132.70
Phillip Island,Phillip Island,July,,,,
Wonthaggi - Inverloch,Phillip Island,July,,,,
Brunswick,Melbourne,August,2805.00,4960.00,378247.00,134.84
Thornbury,Melbourne,August,,,,
Essendon - Aberfeldie,Melbourne,August,3806.00,5301.00,541417.00,142.25
Flemington,Melbourne,August,,,,
Moonee Ponds,Melbourne,August,,,,
Carlton,Melbourne,August,11704.00,21638.00,1859439.00,158.87
Docklands,Melbourne,August,33632.00,36673.00,6361164.00,189.14
East Melbourne,Melbourne,August,34622.00,46438.00,6267865.00,181.04
Melbourne,Melbourne,August,340596.00,398005.00,60134577.00,176.56
North Melbourne,Melbourne,August,3447.00,7285.00,488539.00,141.72
Parkville,Melbourne,August,6087.00,8277.00,744455.00,122.29
South Yarra - West,Melbourne,August,,,,
Southbank,Melbourne,August,90896.00,101277.00,24119614.00,265.35
Albert Park,Melbourne,August,38809.00,47882.00,5142390.00,132.51
South Melbourne,Melbourne,August,,,,
St Kilda,Melbourne,August,19812.00,25606.00,2313747.00,116.79
Prahran - Windsor,Melbourne,August,,,,
South Yarra - East,Melbourne,August,19057.00,23451.00,3538009.00,185.65
Toorak,Melbourne,August,,,,
Abbotsford,Melbourne,August,,,,
Carlton North - Princes Hill,Melbourne,August,,,,
Fitzroy,Melbourne,August,2751.00,4371.00,534386.00,194.25
Richmond (Vic.),Melbourne,August,5226.00,7626.00,800741.00,153.22
Yarra - North,Melbourne,August,,,,
Hawthorn,Melbourne,August,,,,
Hawthorn East,Melbourne,August,,,,
Kew,Melbourne,August,5325.00,7657.00,807150.00,151.58
Doncaster,Melbourne,August,,,,
Doncaster East,Melbourne,August,,,,
Blackburn,Melbourne,August,,,,
Box Hill,Melbourne,August,,,,
Burwood,Melbourne,August,,,,
Burwood East,Melbourne,August,,,,
Surrey Hills (East) - Mont Albert,Melbourne,August,,,,
Beaumaris,Melbourne,August,,,,
Brighton (Vic.),Melbourne,August,3010.00,4867.00,462219.00,153.58
Carnegie,Melbourne,August,,,,
Caulfield - North,Melbourne,August,,,,
Hughesdale,Melbourne,August,1636.00,2635.00,254427.00,155.52
Braeside,Melbourne,August,,,,
Cheltenham - Highett (East),Melbourne,August,,,,
Mentone,Melbourne,August,,,,
Moorabbin - Heatherton,Melbourne,August,,,,
Ivanhoe,Melbourne,August,,,,
Viewbank - Yallambie,Melbourne,August,,,,
Kingsbury,Melbourne,August,,,,
Preston,Melbourne,August,,,,
Reservoir - West,Melbourne,August,,,,
Bundoora - North,Melbourne,August,,,,
Mill Park - North,Melbourne,August,,,,
Thomastown,Melbourne,August,,,,
Airport West,Melbourne,August,,,,
Keilor,Melbourne,August,,,,
Coburg North,Melbourne,August,,,,
Fawkner,Melbourne,August,,,,
Sunbury - South,Melbourne,August,,,,
Broadmeadows,Melbourne,August,,,,
Campbellfield - Coolaroo,Melbourne,August,,,,
Gladstone Park - Westmeadows,Melbourne,August,,,,
Melbourne Airport,Melbourne,August,,,,
Tullamarine,Melbourne,August,,,,
Ferntree Gully,Melbourne,August,,,,
Rowville - South,Melbourne,August,,,,
Wantirna,Melbourne,August,,,,
Wantirna South,Melbourne,August,,,,
Croydon,Melbourne,August,1161.00,2511.00,139634.00,120.31
Ringwood,Melbourne,August,1545.00,2387.00,268742.00,173.94
Forest Hill,Melbourne,August,,,,
Nunawading,Melbourne,August,,,,
Doveton,Melbourne,August,,,,
Hallam,Melbourne,August,,,,
Narre Warren,Melbourne,August,,,,
Cranbourne,Melbourne,August,876.00,2914.00,101792.00,116.20
Dandenong,Melbourne,August,7090.00,10695.00,873746.00,123.24
Keysborough,Melbourne,August,,,,
Noble Park,Melbourne,August,,,,
Springvale,Melbourne,August,,,,
Ashwood - Chadstone,Melbourne,August,,,,
Clayton,Melbourne,August,1749.00,2356.00,234606.00,134.14
Glen Waverley - East,Melbourne,August,,,,
Glen Waverley - West,Melbourne,August,12554.00,16802.00,2476758.00,197.29
Mount Waverley - South,Melbourne,August,,,,
Mulgrave,Melbourne,August,,,,
Oakleigh - Huntingdale,Melbourne,August,,,,
Ardeer - Albion,Melbourne,August,,,,
Taylors Lakes,Melbourne,August,,,,
Williamstown,Melbourne,August,3687.00,4433.00,674576.00,182.96
Footscray,Melbourne,August,,,,
Caroline Springs,Melbourne,August,,,,
Melton,Melbourne,August,,,,
Melton South,Melbourne,August,,,,
Hoppers Crossing - North,Melbourne,August,,,,
Laverton,Melbourne,August,,,,
Point Cook,Melbourne,August,,,,
Werribee - South,Melbourne,August,3768.00,5921.00,624295.00,165.67
Nhill Region,Wimmera,August,,,,
Buloke,Wimmera,August,,,,
Mildura,Mallee,August,13565.00,27807.00,1470330.00,108.39
Mildura Region,Mallee,August,,,,
Red Cliffs,Mallee,August,,,,
Gannawarra,Mallee,August,,,,
Kerang,Mallee,August,,,,
Swan Hill,Mallee,August,5467.00,10168.00,590292.00,107.98
Swan Hill Region,Mallee,August,,,,
Lorne - Anglesea,Western,August,3621.00,10447.00,558318.00,154.18
Torquay,Western,August,3478.00,7626.00,387587.00,111.44
Portland,Western,August,1896.00,5456.00,255488.00,134.75
Camperdown,Western,August,,,,
Colac,Western,August,1347.00,3441.00,141213.00,104.84
Corangamite - South,Western,August,1423.00,3596.00,257808.00,181.14
Moyne - West,Western,August,1834.00,3844.00,217277.00,118.48
Otway,Western,August,,,,
Warrnambool - North,Western,August,1606.00,5146.00,151868.00,94.56
Warrnambool - South,Western,August,8246.00,16926.00,1038373.00,125.92
Horsham,Western Grampians,August,,,,
Hamilton (Vic.),Western Grampians,August,1536.00,3906.00,194674.00,126.74
Southern Grampians,Western Grampians,August,,,,
Maryborough (Vic.),Bendigo Loddon,August,1026.00,1860.00,120200.00,117.15
Bendigo,Bendigo Loddon,August,9076.00,14508.00,1075777.00,118.53
California Gully - Eaglehawk,Bendigo Loddon,August,,,,
East Bendigo - Kennington,Bendigo Loddon,August,2509.00,4774.00,336000.00,133.92
Kangaroo Flat - Golden Square,Bendigo Loddon,August,,,,
White Hills - Ascot,Bendigo Loddon,August,,,,
Castlemaine,Bendigo Loddon,August,598.00,1705.00,83767.00,140.09
Loddon,Bendigo Loddon,August,,,,
Carrum Downs,Peninsula,August,,,,
Frankston,Peninsula,August,4234.00,7843.00,583730.00,137.88
Seaford,Peninsula,August,,,,
Flinders,Peninsula,August,,,,
Hastings - Somers,Peninsula,August,,,,
Mornington,Peninsula,August,,,,
Mount Eliza,Peninsula,August,,,,
Point Nepean,Peninsula,August,3304.00,8587.00,514198.00,155.63
Rosebud - McCrae,Peninsula,August,,,,
Somerville,Peninsula,August,,,,
Echuca,Central Murray,August,6422.00,13423.00,707115.00,110.11
Rochester,Central Murray,August,,,,
Cobram,Central Murray,August,,,,
Yarrawonga,Central Murray,August,,,,
Euroa,Goulburn,August,,,,
Kilmore - Broadford,Goulburn,August,,,,
Nagambie,Goulburn,August,597.00,2356.00,72759.00,121.87
Seymour,Goulburn,August,1151.00,1488.00,134826.00,117.16
Seymour Region,Goulburn,August,,,,
Wallan,Goulburn,August,,,,
Mooroopna,Goulburn,August,,,,
Shepparton - North,Goulburn,August,2732.00,5487.00,321990.00,117.86
Shepparton - South,Goulburn,August,7621.00,12462.00,937124.00,122.97
Mansfield (Vic.),High Country,August,11694.00,16461.00,4134578.00,353.55
Benalla,High Country,August,1604.00,3100.00,174313.00,108.67
Rutherglen,High Country,August,634.00,1457.00,85532.00,134.91
Wangaratta,High Country,August,4402.00,7998.00,592149.00,134.53
Wangaratta Region,High Country,August,,,,
Beechworth,High Country,August,712.00,1953.00,90849.00,127.60
Towong,High Country,August,1061.00,1953.00,144355.00,136.00
Bright - Mount Beauty,High Country,August,16834.00,31155.00,4767990.00,283.23
Myrtleford,High Country,August,,,,
Yackandandah,High Country,August,,,,
Bairnsdale,Lakes,August,2675.00,6634.00,323658.00,120.99
Bruthen - Omeo,Lakes,August,,,,
Lakes Entrance,Lakes,August,3620.00,13764.00,372413.00,102.89
Orbost,Lakes,August,517.00,1984.00,56754.00,109.78
Paynesville,Lakes,August,,,,
Drouin,Gippsland,August,,,,
Mount Baw Baw Region,Gippsland,August,,,,
Warragul,Gippsland,August,1181.00,3255.00,141237.00,119.59
Foster,Gippsland,August,,,,
Korumburra,Gippsland,August,,,,
Leongatha,Gippsland,August,,,,
Moe - Newborough,Gippsland,August,,,,
Morwell,Gippsland,August,1610.00,4805.00,169110.00,105.03
Traralgon,Gippsland,August,4680.00,8804.00,633639.00,135.39
Maffra,Gippsland,August,,,,
Sale,Gippsland,August,4312.00,9672.00,544517.00,126.29
Yarram,Gippsland,August,,,,
Eltham,Melbourne East,August,,,,
Chirnside Park,Melbourne East,August,,,,
Healesville - Yarra Glen,Melbourne East,August,,,,
Kilsyth,Melbourne East,August,,,,
Lilydale - Coldstream,Melbourne East,August,1165.00,3193.00,201992.00,173.42
Mount Dandenong - Olinda,Melbourne East,August,,,,
Mount Evelyn,Melbourne East,August,,,,
Yarra Valley,Melbourne East,August,,,,
Beaconsfield - Officer,Melbourne East,August,,,,
Belmont,Geelong,August,,,,
Corio - Norlane,Geelong,August,,,,
Geelong,Geelong,August,11067.00,19840.00,1518310.00,137.19
Geelong West - Hamlyn Heights,Geelong,August,,,,
Newtown (Vic.),Geelong,August,597.00,2170.00,66724.00,111.77
North Geelong - Bell Park,Geelong,August,,,,
Ocean Grove - Barwon Heads,Geelong,August,,,,
Portarlington,Geelong,August,,,,
Queenscliff,Geelong,August,,,,
Woodend,Macedon,August,,,,
Macedon,Macedon,August,,,,
Romsey,Macedon,August,,,,
Creswick - Clunes,Spa Country ,August,,,,
Daylesford,Spa Country ,August,,,,
Alfredton,Ballarat,August,1930.00,5022.00,184974.00,95.84
Ballarat,Ballarat,August,5827.00,11935.00,821861.00,141.04
Ballarat - North,Ballarat,August,,,,
Ballarat - South,Ballarat,August,4036.00,8184.00,568215.00,140.79
Delacombe,Ballarat,August,,,,
Avoca,Central Highlands,August,,,,
Ararat,Central Highlands,August,1133.00,1860.00,113065.00,99.79
St Arnaud,Central Highlands,August,,,,
Stawell,Central Highlands,August,,,,
Alexandra,Upper Yarra,August,,,,
Yea,Upper Yarra,August,,,,
Wodonga,Murray East,August,3660.00,7688.00,494881.00,135.22
Phillip Island,Phillip Island,August,,,,
Wonthaggi - Inverloch,Phillip Island,August,,,,
Brunswick,Melbourne,September,2682.00,4800.00,358290.00,133.60
Thornbury,Melbourne,September,,,,
Essendon - Aberfeldie,Melbourne,September,3567.00,5130.00,524104.00,146.93
Flemington,Melbourne,September,,,,
Moonee Ponds,Melbourne,September,,,,
Carlton,Melbourne,September,11184.00,20940.00,1636252.00,146.30
Docklands,Melbourne,September,32224.00,35490.00,5699701.00,176.88
East Melbourne,Melbourne,September,29760.00,44940.00,5255757.00,176.60
Melbourne,Melbourne,September,317523.00,388035.00,54402967.00,171.34
North Melbourne,Melbourne,September,3758.00,7050.00,488006.00,129.87
Parkville,Melbourne,September,6318.00,8010.00,793248.00,125.55
South Yarra - West,Melbourne,September,,,,
Southbank,Melbourne,September,88438.00,98010.00,23060384.00,260.75
Albert Park,Melbourne,September,35661.00,45128.00,4668575.00,130.91
South Melbourne,Melbourne,September,,,,
St Kilda,Melbourne,September,18701.00,24780.00,2167763.00,115.92
Prahran - Windsor,Melbourne,September,,,,
South Yarra - East,Melbourne,September,18736.00,22726.00,3222194.00,171.98
Toorak,Melbourne,September,,,,
Abbotsford,Melbourne,September,,,,
Carlton North - Princes Hill,Melbourne,September,,,,
Fitzroy,Melbourne,September,2360.00,4230.00,480939.00,203.79
Richmond (Vic.),Melbourne,September,4743.00,7380.00,653597.00,137.80
Yarra - North,Melbourne,September,,,,
Hawthorn,Melbourne,September,,,,
Hawthorn East,Melbourne,September,,,,
Kew,Melbourne,September,4521.00,7410.00,668223.00,147.80
Doncaster,Melbourne,September,,,,
Doncaster East,Melbourne,September,,,,
Blackburn,Melbourne,September,,,,
Box Hill,Melbourne,September,,,,
Burwood,Melbourne,September,,,,
Burwood East,Melbourne,September,,,,
Surrey Hills (East) - Mont Albert,Melbourne,September,,,,
Beaumaris,Melbourne,September,,,,
Brighton (Vic.),Melbourne,September,2507.00,4710.00,405671.00,161.80
Carnegie,Melbourne,September,,,,
Caulfield - North,Melbourne,September,,,,
Hughesdale,Melbourne,September,1603.00,2550.00,225873.00,140.91
Braeside,Melbourne,September,,,,
Cheltenham - Highett (East),Melbourne,September,,,,
Mentone,Melbourne,September,,,,
Moorabbin - Heatherton,Melbourne,September,,,,
Ivanhoe,Melbourne,September,,,,
Viewbank - Yallambie,Melbourne,September,,,,
Kingsbury,Melbourne,September,,,,
Preston,Melbourne,September,,,,
Reservoir - West,Melbourne,September,,,,
Bundoora - North,Melbourne,September,,,,
Mill Park - North,Melbourne,September,,,,
Thomastown,Melbourne,September,,,,
Airport West,Melbourne,September,,,,
Keilor,Melbourne,September,,,,
Coburg North,Melbourne,September,,,,
Fawkner,Melbourne,September,,,,
Sunbury - South,Melbourne,September,,,,
Broadmeadows,Melbourne,September,,,,
Campbellfield - Coolaroo,Melbourne,September,,,,
Gladstone Park - Westmeadows,Melbourne,September,,,,
Melbourne Airport,Melbourne,September,,,,
Tullamarine,Melbourne,September,,,,
Ferntree Gully,Melbourne,September,,,,
Rowville - South,Melbourne,September,,,,
Wantirna,Melbourne,September,,,,
Wantirna South,Melbourne,September,,,,
Croydon,Melbourne,September,1145.00,2430.00,138880.00,121.29
Ringwood,Melbourne,September,1332.00,2310.00,197546.00,148.31
Forest Hill,Melbourne,September,,,,
Nunawading,Melbourne,September,,,,
Doveton,Melbourne,September,,,,
Hallam,Melbourne,September,,,,
Narre Warren,Melbourne,September,,,,
Cranbourne,Melbourne,September,855.00,2820.00,103567.00,121.11
Dandenong,Melbourne,September,6473.00,10350.00,776085.00,119.90
Keysborough,Melbourne,September,,,,
Noble Park,Melbourne,September,,,,
Springvale,Melbourne,September,,,,
Ashwood - Chadstone,Melbourne,September,,,,
Clayton,Melbourne,September,1612.00,2280.00,200878.00,124.61
Glen Waverley - East,Melbourne,September,,,,
Glen Waverley - West,Melbourne,September,11458.00,16260.00,2196019.00,191.66
Mount Waverley - South,Melbourne,September,,,,
Mulgrave,Melbourne,September,,,,
Oakleigh - Huntingdale,Melbourne,September,,,,
Ardeer - Albion,Melbourne,September,,,,
Taylors Lakes,Melbourne,September,,,,
Williamstown,Melbourne,September,3764.00,4290.00,653163.00,173.53
Footscray,Melbourne,September,,,,
Caroline Springs,Melbourne,September,,,,
Melton,Melbourne,September,,,,
Melton South,Melbourne,September,,,,
Hoppers Crossing - North,Melbourne,September,,,,
Laverton,Melbourne,September,,,,
Point Cook,Melbourne,September,,,,
Werribee - South,Melbourne,September,3573.00,5730.00,568681.00,159.15
Nhill Region,Wimmera,September,,,,
Buloke,Wimmera,September,,,,
Mildura,Mallee,September,16971.00,26910.00,1890710.00,111.41
Mildura Region,Mallee,September,,,,
Red Cliffs,Mallee,September,,,,
Gannawarra,Mallee,September,,,,
Kerang,Mallee,September,,,,
Swan Hill,Mallee,September,6034.00,9840.00,639517.00,105.99
Swan Hill Region,Mallee,September,,,,
Lorne - Anglesea,Western,September,4719.00,10110.00,881934.00,186.89
Torquay,Western,September,3642.00,7380.00,383797.00,105.38
Portland,Western,September,1905.00,5280.00,252575.00,132.59
Camperdown,Western,September,,,,
Colac,Western,September,1567.00,3330.00,151582.00,96.73
Corangamite - South,Western,September,1865.00,3480.00,337877.00,181.20
Moyne - West,Western,September,1839.00,3720.00,218448.00,118.80
Otway,Western,September,,,,
Warrnambool - North,Western,September,1633.00,4980.00,155695.00,95.34
Warrnambool - South,Western,September,8791.00,16380.00,1133580.00,128.95
Horsham,Western Grampians,September,,,,
Hamilton (Vic.),Western Grampians,September,1527.00,3780.00,180917.00,118.48
Southern Grampians,Western Grampians,September,,,,
Maryborough (Vic.),Bendigo Loddon,September,987.00,1800.00,114914.00,116.43
Bendigo,Bendigo Loddon,September,11433.00,14040.00,1457440.00,127.48
California Gully - Eaglehawk,Bendigo Loddon,September,,,,
East Bendigo - Kennington,Bendigo Loddon,September,3314.00,4620.00,461868.00,139.37
Kangaroo Flat - Golden Square,Bendigo Loddon,September,,,,
White Hills - Ascot,Bendigo Loddon,September,,,,
Castlemaine,Bendigo Loddon,September,1078.00,1650.00,114079.00,105.81
Loddon,Bendigo Loddon,September,,,,
Carrum Downs,Peninsula,September,,,,
Frankston,Peninsula,September,3797.00,7590.00,512827.00,135.06
Seaford,Peninsula,September,,,,
Flinders,Peninsula,September,,,,
Hastings - Somers,Peninsula,September,,,,
Mornington,Peninsula,September,,,,
Mount Eliza,Peninsula,September,,,,
Point Nepean,Peninsula,September,3872.00,8310.00,595976.00,153.92
Rosebud - McCrae,Peninsula,September,,,,
Somerville,Peninsula,September,,,,
Echuca,Central Murray,September,7490.00,12990.00,879997.00,117.49
Rochester,Central Murray,September,,,,
Cobram,Central Murray,September,,,,
Yarrawonga,Central Murray,September,,,,
Euroa,Goulburn,September,,,,
Kilmore - Broadford,Goulburn,September,,,,
Nagambie,Goulburn,September,700.00,2280.00,101450.00,144.93
Seymour,Goulburn,September,1353.00,1440.00,184344.00,136.23
Seymour Region,Goulburn,September,,,,
Wallan,Goulburn,September,,,,
Mooroopna,Goulburn,September,,,,
Shepparton - North,Goulburn,September,3077.00,5310.00,391594.00,127.27
Shepparton - South,Goulburn,September,7739.00,12060.00,1089738.00,140.80
Mansfield (Vic.),High Country,September,7311.00,15930.00,1584617.00,216.73
Benalla,High Country,September,1850.00,3000.00,190305.00,102.87
Rutherglen,High Country,September,733.00,1410.00,96176.00,131.21
Wangaratta,High Country,September,4198.00,7740.00,564738.00,134.52
Wangaratta Region,High Country,September,,,,
Beechworth,High Country,September,840.00,1890.00,111233.00,132.42
Towong,High Country,September,,,,
Bright - Mount Beauty,High Country,September,7988.00,30150.00,1836059.00,229.87
Myrtleford,High Country,September,,,,
Yackandandah,High Country,September,,,,
Bairnsdale,Lakes,September,2819.00,6420.00,358149.00,127.05
Bruthen - Omeo,Lakes,September,,,,
Lakes Entrance,Lakes,September,6644.00,13320.00,671468.00,101.06
Orbost,Lakes,September,581.00,1920.00,61035.00,105.05
Paynesville,Lakes,September,,,,
Drouin,Gippsland,September,,,,
Mount Baw Baw Region,Gippsland,September,,,,
Warragul,Gippsland,September,1369.00,3150.00,175414.00,128.13
Foster,Gippsland,September,,,,
Korumburra,Gippsland,September,,,,
Leongatha,Gippsland,September,,,,
Moe - Newborough,Gippsland,September,,,,
Morwell,Gippsland,September,1782.00,4650.00,233990.00,131.33
Traralgon,Gippsland,September,5174.00,8520.00,690963.00,133.55
Maffra,Gippsland,September,,,,
Sale,Gippsland,September,4293.00,9360.00,570287.00,132.85
Yarram,Gippsland,September,,,,
Eltham,Melbourne East,September,,,,
Chirnside Park,Melbourne East,September,,,,
Healesville - Yarra Glen,Melbourne East,September,,,,
Kilsyth,Melbourne East,September,,,,
Lilydale - Coldstream,Melbourne East,September,1041.00,3090.00,194806.00,187.15
Mount Dandenong - Olinda,Melbourne East,September,,,,
Mount Evelyn,Melbourne East,September,,,,
Yarra Valley,Melbourne East,September,303.00,2100.00,35500.00,117.16
Beaconsfield - Officer,Melbourne East,September,,,,
Belmont,Geelong,September,,,,
Corio - Norlane,Geelong,September,,,,
Geelong,Geelong,September,12533.00,19200.00,1796182.00,143.31
Geelong West - Hamlyn Heights,Geelong,September,,,,
Newtown (Vic.),Geelong,September,752.00,2100.00,110070.00,146.37
North Geelong - Bell Park,Geelong,September,,,,
Ocean Grove - Barwon Heads,Geelong,September,,,,
Portarlington,Geelong,September,,,,
Queenscliff,Geelong,September,,,,
Woodend,Macedon,September,,,,
Macedon,Macedon,September,,,,
Romsey,Macedon,September,,,,
Creswick - Clunes,Spa Country ,September,,,,
Daylesford,Spa Country ,September,,,,
Alfredton,Ballarat,September,2210.00,4860.00,223073.00,100.95
Ballarat,Ballarat,September,5950.00,11550.00,879862.00,147.88
Ballarat - North,Ballarat,September,,,,
Ballarat - South,Ballarat,September,4404.00,7920.00,711490.00,161.55
Delacombe,Ballarat,September,,,,
Avoca,Central Highlands,September,,,,
Ararat,Central Highlands,September,1114.00,1800.00,119465.00,107.24
St Arnaud,Central Highlands,September,,,,
Stawell,Central Highlands,September,,,,
Alexandra,Upper Yarra,September,,,,
Yea,Upper Yarra,September,,,,
Wodonga,Murray East,September,4029.00,7440.00,519684.00,128.98
Phillip Island,Phillip Island,September,,,,
Wonthaggi - Inverloch,Phillip Island,September,,,,
Brunswick,Melbourne,October,3530.00,4960.00,502753.00,142.44
Thornbury,Melbourne,October,,,,
Essendon - Aberfeldie,Melbourne,October,4120.00,5301.00,627443.00,152.29
Flemington,Melbourne,October,,,,
Moonee Ponds,Melbourne,October,,,,
Carlton,Melbourne,October,15009.00,21638.00,2510294.00,167.26
Docklands,Melbourne,October,35760.00,36797.00,7758839.00,216.97
East Melbourne,Melbourne,October,37761.00,46438.00,7869320.00,208.40
Melbourne,Melbourne,October,359419.00,399245.00,75181580.00,209.18
North Melbourne,Melbourne,October,4227.00,7285.00,639104.00,151.18
Parkville,Melbourne,October,6660.00,8277.00,970005.00,145.65
South Yarra - West,Melbourne,October,,,,
Southbank,Melbourne,October,94238.00,101556.00,28631425.00,303.82
Albert Park,Melbourne,October,39635.00,46440.00,5960103.00,150.38
South Melbourne,Melbourne,October,3912.00,4898.00,733268.00,187.44
St Kilda,Melbourne,October,20058.00,25544.00,2923413.00,145.75
Prahran - Windsor,Melbourne,October,,,,
South Yarra - East,Melbourne,October,20133.00,23467.00,4191678.00,208.20
Toorak,Melbourne,October,,,,
Abbotsford,Melbourne,October,,,,
Carlton North - Princes Hill,Melbourne,October,,,,
Fitzroy,Melbourne,October,3401.00,4371.00,716005.00,210.53
Richmond (Vic.),Melbourne,October,6320.00,7626.00,1007249.00,159.37
Yarra - North,Melbourne,October,,,,
Hawthorn,Melbourne,October,,,,
Hawthorn East,Melbourne,October,,,,
Kew,Melbourne,October,6034.00,7657.00,956832.00,158.57
Doncaster,Melbourne,October,,,,
Doncaster East,Melbourne,October,,,,
Blackburn,Melbourne,October,,,,
Box Hill,Melbourne,October,,,,
Burwood,Melbourne,October,,,,
Burwood East,Melbourne,October,,,,
Surrey Hills (East) - Mont Albert,Melbourne,October,,,,
Beaumaris,Melbourne,October,,,,
Brighton (Vic.),Melbourne,October,3644.00,4867.00,604707.00,165.94
Carnegie,Melbourne,October,,,,
Caulfield - North,Melbourne,October,,,,
Hughesdale,Melbourne,October,1816.00,2635.00,286611.00,157.83
Braeside,Melbourne,October,,,,
Cheltenham - Highett (East),Melbourne,October,,,,
Mentone,Melbourne,October,,,,
Moorabbin - Heatherton,Melbourne,October,,,,
Ivanhoe,Melbourne,October,,,,
Viewbank - Yallambie,Melbourne,October,,,,
Kingsbury,Melbourne,October,,,,
Preston,Melbourne,October,,,,
Reservoir - West,Melbourne,October,,,,
Bundoora - North,Melbourne,October,,,,
Mill Park - North,Melbourne,October,,,,
Thomastown,Melbourne,October,,,,
Airport West,Melbourne,October,,,,
Keilor,Melbourne,October,,,,
Coburg North,Melbourne,October,,,,
Fawkner,Melbourne,October,,,,
Sunbury - South,Melbourne,October,,,,
Broadmeadows,Melbourne,October,,,,
Campbellfield - Coolaroo,Melbourne,October,,,,
Gladstone Park - Westmeadows,Melbourne,October,13295.00,13857.00,2489335.00,187.23
Melbourne Airport,Melbourne,October,,,,
Tullamarine,Melbourne,October,,,,
Ferntree Gully,Melbourne,October,,,,
Rowville - South,Melbourne,October,,,,
Wantirna,Melbourne,October,,,,
Wantirna South,Melbourne,October,,,,
Croydon,Melbourne,October,1352.00,2511.00,178023.00,131.70
Ringwood,Melbourne,October,1771.00,2387.00,314801.00,177.75
Forest Hill,Melbourne,October,,,,
Nunawading,Melbourne,October,,,,
Doveton,Melbourne,October,,,,
Hallam,Melbourne,October,,,,
Narre Warren,Melbourne,October,,,,
Cranbourne,Melbourne,October,952.00,2914.00,113294.00,119.03
Dandenong,Melbourne,October,8061.00,10695.00,962192.00,119.36
Keysborough,Melbourne,October,,,,
Noble Park,Melbourne,October,,,,
Springvale,Melbourne,October,,,,
Ashwood - Chadstone,Melbourne,October,,,,
Clayton,Melbourne,October,1798.00,2356.00,254585.00,141.59
Glen Waverley - East,Melbourne,October,,,,
Glen Waverley - West,Melbourne,October,13688.00,16802.00,2627805.00,191.98
Mount Waverley - South,Melbourne,October,,,,
Mulgrave,Melbourne,October,,,,
Oakleigh - Huntingdale,Melbourne,October,,,,
Ardeer - Albion,Melbourne,October,,,,
Taylors Lakes,Melbourne,October,,,,
Williamstown,Melbourne,October,4206.00,4433.00,698943.00,166.18
Footscray,Melbourne,October,,,,
Caroline Springs,Melbourne,October,,,,
Melton,Melbourne,October,,,,
Melton South,Melbourne,October,,,,
Hoppers Crossing - North,Melbourne,October,,,,
Laverton,Melbourne,October,,,,
Point Cook,Melbourne,October,,,,
Werribee - South,Melbourne,October,4372.00,5921.00,773401.00,176.90
Nhill Region,Wimmera,October,,,,
Buloke,Wimmera,October,,,,
Mildura,Mallee,October,17334.00,27807.00,1878620.00,108.38
Mildura Region,Mallee,October,,,,
Red Cliffs,Mallee,October,,,,
Gannawarra,Mallee,October,,,,
Kerang,Mallee,October,,,,
Swan Hill,Mallee,October,6308.00,10168.00,678624.00,107.58
Swan Hill Region,Mallee,October,,,,
Lorne - Anglesea,Western,October,5567.00,10757.00,993483.00,178.47
Torquay,Western,October,3848.00,7626.00,513010.00,133.32
Portland,Western,October,2525.00,5456.00,309183.00,122.45
Camperdown,Western,October,,,,
Colac,Western,October,2067.00,3441.00,196391.00,95.01
Corangamite - South,Western,October,2845.00,3596.00,491500.00,172.73
Moyne - West,Western,October,2491.00,3844.00,345527.00,138.71
Otway,Western,October,,,,
Warrnambool - North,Western,October,1972.00,5146.00,189513.00,96.10
Warrnambool - South,Western,October,11240.00,16926.00,1413888.00,125.79
Horsham,Western Grampians,October,,,,
Hamilton (Vic.),Western Grampians,October,1447.00,3906.00,178306.00,123.22
Southern Grampians,Western Grampians,October,,,,
Maryborough (Vic.),Bendigo Loddon,October,1286.00,1891.00,152988.00,118.96
Bendigo,Bendigo Loddon,October,10398.00,14508.00,1347856.00,129.62
California Gully - Eaglehawk,Bendigo Loddon,October,,,,
East Bendigo - Kennington,Bendigo Loddon,October,3210.00,4774.00,441562.00,137.56
Kangaroo Flat - Golden Square,Bendigo Loddon,October,,,,
White Hills - Ascot,Bendigo Loddon,October,,,,
Castlemaine,Bendigo Loddon,October,978.00,1705.00,107580.00,110.00
Loddon,Bendigo Loddon,October,,,,
Carrum Downs,Peninsula,October,,,,
Frankston,Peninsula,October,4739.00,7843.00,638519.00,134.75
Seaford,Peninsula,October,,,,
Flinders,Peninsula,October,,,,
Hastings - Somers,Peninsula,October,,,,
Mornington,Peninsula,October,,,,
Mount Eliza,Peninsula,October,,,,
Point Nepean,Peninsula,October,4790.00,8587.00,773128.00,161.40
Rosebud - McCrae,Peninsula,October,,,,
Somerville,Peninsula,October,,,,
Echuca,Central Murray,October,9377.00,13423.00,1886105.00,201.14
Rochester,Central Murray,October,,,,
Cobram,Central Murray,October,,,,
Yarrawonga,Central Murray,October,,,,
Euroa,Goulburn,October,,,,
Kilmore - Broadford,Goulburn,October,,,,
Nagambie,Goulburn,October,916.00,2356.00,143143.00,156.27
Seymour,Goulburn,October,1308.00,1488.00,167344.00,127.93
Seymour Region,Goulburn,October,,,,
Wallan,Goulburn,October,,,,
Mooroopna,Goulburn,October,,,,
Shepparton - North,Goulburn,October,3289.00,5673.00,405991.00,123.44
Shepparton - South,Goulburn,October,7484.00,12462.00,962909.00,128.66
Mansfield (Vic.),High Country,October,3481.00,12245.00,383301.00,110.12
Benalla,High Country,October,2085.00,3131.00,231121.00,110.85
Rutherglen,High Country,October,830.00,1457.00,108328.00,130.52
Wangaratta,High Country,October,5034.00,7998.00,694242.00,137.92
Wangaratta Region,High Country,October,,,,
Beechworth,High Country,October,1423.00,1953.00,173408.00,121.86
Towong,High Country,October,1180.00,1953.00,124545.00,105.53
Bright - Mount Beauty,High Country,October,4077.00,18414.00,518470.00,127.18
Myrtleford,High Country,October,,,,
Yackandandah,High Country,October,,,,
Bairnsdale,Lakes,October,3189.00,6634.00,418060.00,131.09
Bruthen - Omeo,Lakes,October,,,,
Lakes Entrance,Lakes,October,8202.00,13764.00,853112.00,104.01
Orbost,Lakes,October,839.00,1984.00,97449.00,116.15
Paynesville,Lakes,October,,,,
Drouin,Gippsland,October,,,,
Mount Baw Baw Region,Gippsland,October,,,,
Warragul,Gippsland,October,1872.00,3255.00,249056.00,133.04
Foster,Gippsland,October,,,,
Korumburra,Gippsland,October,,,,
Leongatha,Gippsland,October,,,,
Moe - Newborough,Gippsland,October,,,,
Morwell,Gippsland,October,2244.00,4836.00,260411.00,116.07
Traralgon,Gippsland,October,5310.00,8804.00,785146.00,147.86
Maffra,Gippsland,October,,,,
Sale,Gippsland,October,4617.00,9672.00,610534.00,132.23
Yarram,Gippsland,October,,,,
Eltham,Melbourne East,October,,,,
Chirnside Park,Melbourne East,October,,,,
Healesville - Yarra Glen,Melbourne East,October,,,,
Kilsyth,Melbourne East,October,,,,
Lilydale - Coldstream,Melbourne East,October,1232.00,3193.00,233889.00,189.82
Mount Dandenong - Olinda,Melbourne East,October,,,,
Mount Evelyn,Melbourne East,October,,,,
Yarra Valley,Melbourne East,October,,,,
Beaconsfield - Officer,Melbourne East,October,,,,
Belmont,Geelong,October,,,,
Corio - Norlane,Geelong,October,,,,
Geelong,Geelong,October,13502.00,19840.00,1954169.00,144.73
Geelong West - Hamlyn Heights,Geelong,October,,,,
Newtown (Vic.),Geelong,October,766.00,2170.00,125407.00,163.72
North Geelong - Bell Park,Geelong,October,,,,
Ocean Grove - Barwon Heads,Geelong,October,,,,
Portarlington,Geelong,October,,,,
Queenscliff,Geelong,October,,,,
Woodend,Macedon,October,,,,
Macedon,Macedon,October,,,,
Romsey,Macedon,October,,,,
Creswick - Clunes,Spa Country ,October,,,,
Daylesford,Spa Country ,October,,,,
Alfredton,Ballarat,October,3115.00,5022.00,330696.00,106.18
Ballarat,Ballarat,October,7420.00,11935.00,1194866.00,161.04
Ballarat - North,Ballarat,October,,,,
Ballarat - South,Ballarat,October,5764.00,8184.00,868440.00,150.67
Delacombe,Ballarat,October,,,,
Avoca,Central Highlands,October,,,,
Ararat,Central Highlands,October,1248.00,1860.00,131501.00,105.37
St Arnaud,Central Highlands,October,,,,
Stawell,Central Highlands,October,,,,
Alexandra,Upper Yarra,October,,,,
Yea,Upper Yarra,October,,,,
Wodonga,Murray East,October,3910.00,7688.00,519161.00,132.79
Phillip Island,Phillip Island,October,,,,
Wonthaggi - Inverloch,Phillip Island,October,,,,
Brunswick,Melbourne,November,3463.00,4800.00,469997.00,135.73
Thornbury,Melbourne,November,,,,
Essendon - Aberfeldie,Melbourne,November,3926.00,5130.00,537229.00,136.84
Flemington,Melbourne,November,,,,
Moonee Ponds,Melbourne,November,,,,
Carlton,Melbourne,November,14500.00,20940.00,2447898.00,168.82
Docklands,Melbourne,November,35054.00,35610.00,7493759.00,213.78
East Melbourne,Melbourne,November,38559.00,44940.00,7731581.00,200.51
Melbourne,Melbourne,November,355466.00,386694.00,71975409.00,202.48
North Melbourne,Melbourne,November,4461.00,7050.00,643926.00,144.34
Parkville,Melbourne,November,6495.00,8010.00,942903.00,145.18
South Yarra - West,Melbourne,November,,,,
Southbank,Melbourne,November,93753.00,98280.00,28355296.00,302.45
Albert Park,Melbourne,November,40227.00,46570.00,6081149.00,151.17
South Melbourne,Melbourne,November,3923.00,4740.00,717274.00,182.84
St Kilda,Melbourne,November,21418.00,24720.00,3013761.00,140.71
Prahran - Windsor,Melbourne,November,,,,
South Yarra - East,Melbourne,November,21106.00,25650.00,4348384.00,206.02
Toorak,Melbourne,November,,,,
Abbotsford,Melbourne,November,,,,
Carlton North - Princes Hill,Melbourne,November,,,,
Fitzroy,Melbourne,November,3340.00,4230.00,673917.00,201.77
Richmond (Vic.),Melbourne,November,6213.00,7380.00,976448.00,157.16
Yarra - North,Melbourne,November,,,,
Hawthorn,Melbourne,November,,,,
Hawthorn East,Melbourne,November,,,,
Kew,Melbourne,November,6006.00,7410.00,937765.00,156.14
Doncaster,Melbourne,November,,,,
Doncaster East,Melbourne,November,,,,
Blackburn,Melbourne,November,,,,
Box Hill,Melbourne,November,,,,
Burwood,Melbourne,November,,,,
Burwood East,Melbourne,November,,,,
Surrey Hills (East) - Mont Albert,Melbourne,November,,,,
Beaumaris,Melbourne,November,,,,
Brighton (Vic.),Melbourne,November,4005.00,4710.00,664149.00,165.84
Carnegie,Melbourne,November,,,,
Caulfield - North,Melbourne,November,,,,
Hughesdale,Melbourne,November,1782.00,2550.00,253050.00,142.00
Braeside,Melbourne,November,,,,
Cheltenham - Highett (East),Melbourne,November,,,,
Mentone,Melbourne,November,,,,
Moorabbin - Heatherton,Melbourne,November,,,,
Ivanhoe,Melbourne,November,,,,
Viewbank - Yallambie,Melbourne,November,,,,
Kingsbury,Melbourne,November,,,,
Preston,Melbourne,November,,,,
Reservoir - West,Melbourne,November,,,,
Bundoora - North,Melbourne,November,,,,
Mill Park - North,Melbourne,November,,,,
Thomastown,Melbourne,November,,,,
Airport West,Melbourne,November,,,,
Keilor,Melbourne,November,,,,
Coburg North,Melbourne,November,,,,
Fawkner,Melbourne,November,,,,
Sunbury - South,Melbourne,November,,,,
Broadmeadows,Melbourne,November,,,,
Campbellfield - Coolaroo,Melbourne,November,,,,
Gladstone Park - Westmeadows,Melbourne,November,,,,
Melbourne Airport,Melbourne,November,,,,
Tullamarine,Melbourne,November,,,,
Ferntree Gully,Melbourne,November,,,,
Rowville - South,Melbourne,November,,,,
Wantirna,Melbourne,November,,,,
Wantirna South,Melbourne,November,,,,
Croydon,Melbourne,November,1144.00,2430.00,140913.00,123.13
Ringwood,Melbourne,November,1530.00,2310.00,258851.00,169.18
Forest Hill,Melbourne,November,,,,
Nunawading,Melbourne,November,,,,
Doveton,Melbourne,November,,,,
Hallam,Melbourne,November,,,,
Narre Warren,Melbourne,November,,,,
Cranbourne,Melbourne,November,1049.00,2820.00,119395.00,113.77
Dandenong,Melbourne,November,7691.00,10350.00,853271.00,110.94
Keysborough,Melbourne,November,,,,
Noble Park,Melbourne,November,,,,
Springvale,Melbourne,November,,,,
Ashwood - Chadstone,Melbourne,November,,,,
Clayton,Melbourne,November,1747.00,2280.00,247185.00,141.49
Glen Waverley - East,Melbourne,November,,,,
Glen Waverley - West,Melbourne,November,12191.00,16260.00,2456539.00,201.50
Mount Waverley - South,Melbourne,November,,,,
Mulgrave,Melbourne,November,,,,
Oakleigh - Huntingdale,Melbourne,November,,,,
Ardeer - Albion,Melbourne,November,,,,
Taylors Lakes,Melbourne,November,,,,
Williamstown,Melbourne,November,3795.00,4290.00,794883.00,209.46
Footscray,Melbourne,November,,,,
Caroline Springs,Melbourne,November,,,,
Melton,Melbourne,November,,,,
Melton South,Melbourne,November,,,,
Hoppers Crossing - North,Melbourne,November,,,,
Laverton,Melbourne,November,,,,
Point Cook,Melbourne,November,,,,
Werribee - South,Melbourne,November,4214.00,5730.00,721163.00,171.13
Nhill Region,Wimmera,November,,,,
Buloke,Wimmera,November,,,,
Mildura,Mallee,November,13998.00,26910.00,1578990.00,112.80
Mildura Region,Mallee,November,,,,
Red Cliffs,Mallee,November,,,,
Gannawarra,Mallee,November,,,,
Kerang,Mallee,November,,,,
Swan Hill,Mallee,November,5531.00,9840.00,597581.00,108.05
Swan Hill Region,Mallee,November,,,,
Lorne - Anglesea,Western,November,5765.00,10410.00,1067552.00,185.19
Torquay,Western,November,4581.00,7380.00,635161.00,138.65
Portland,Western,November,3088.00,5280.00,396281.00,128.33
Camperdown,Western,November,,,,
Colac,Western,November,1880.00,3330.00,178319.00,94.85
Corangamite - South,Western,November,2622.00,3480.00,459022.00,175.05
Moyne - West,Western,November,2523.00,3720.00,337728.00,133.85
Otway,Western,November,,,,
Warrnambool - North,Western,November,1730.00,4980.00,173859.00,100.50
Warrnambool - South,Western,November,9596.00,16380.00,1320426.00,137.60
Horsham,Western Grampians,November,,,,
Hamilton (Vic.),Western Grampians,November,1630.00,3780.00,190053.00,116.60
Southern Grampians,Western Grampians,November,,,,
Maryborough (Vic.),Bendigo Loddon,November,1211.00,1830.00,137354.00,113.42
Bendigo,Bendigo Loddon,November,10390.00,14040.00,1295332.00,124.67
California Gully - Eaglehawk,Bendigo Loddon,November,,,,
East Bendigo - Kennington,Bendigo Loddon,November,2667.00,4620.00,366965.00,137.59
Kangaroo Flat - Golden Square,Bendigo Loddon,November,,,,
White Hills - Ascot,Bendigo Loddon,November,,,,
Castlemaine,Bendigo Loddon,November,965.00,1650.00,110504.00,114.53
Loddon,Bendigo Loddon,November,,,,
Carrum Downs,Peninsula,November,,,,
Frankston,Peninsula,November,4927.00,7590.00,687724.00,139.57
Seaford,Peninsula,November,,,,
Flinders,Peninsula,November,,,,
Hastings - Somers,Peninsula,November,,,,
Mornington,Peninsula,November,,,,
Mount Eliza,Peninsula,November,,,,
Point Nepean,Peninsula,November,4757.00,8310.00,831356.00,174.76
Rosebud - McCrae,Peninsula,November,,,,
Somerville,Peninsula,November,,,,
Echuca,Central Murray,November,8016.00,12990.00,971491.00,121.20
Rochester,Central Murray,November,,,,
Cobram,Central Murray,November,,,,
Yarrawonga,Central Murray,November,,,,
Euroa,Goulburn,November,,,,
Kilmore - Broadford,Goulburn,November,,,,
Nagambie,Goulburn,November,794.00,2280.00,111218.00,140.07
Seymour,Goulburn,November,1277.00,1440.00,164363.00,128.73
Seymour Region,Goulburn,November,,,,
Wallan,Goulburn,November,,,,
Mooroopna,Goulburn,November,,,,
Shepparton - North,Goulburn,November,3189.00,5490.00,398362.00,124.93
Shepparton - South,Goulburn,November,7706.00,12060.00,1004866.00,130.39
Mansfield (Vic.),High Country,November,4652.00,13320.00,532341.00,114.44
Benalla,High Country,November,1829.00,3030.00,203034.00,111.01
Rutherglen,High Country,November,,,,
Wangaratta,High Country,November,4967.00,7740.00,684421.00,137.79
Wangaratta Region,High Country,November,,,,
Beechworth,High Country,November,1035.00,1890.00,135684.00,131.10
Towong,High Country,November,1473.00,1890.00,131176.00,89.08
Bright - Mount Beauty,High Country,November,4450.00,19350.00,500933.00,112.57
Myrtleford,High Country,November,,,,
Yackandandah,High Country,November,,,,
Bairnsdale,Lakes,November,3332.00,6420.00,414571.00,124.42
Bruthen - Omeo,Lakes,November,,,,
Lakes Entrance,Lakes,November,8225.00,13320.00,887685.00,107.92
Orbost,Lakes,November,856.00,1920.00,97189.00,113.54
Paynesville,Lakes,November,,,,
Drouin,Gippsland,November,,,,
Mount Baw Baw Region,Gippsland,November,,,,
Warragul,Gippsland,November,2242.00,3150.00,298764.00,133.26
Foster,Gippsland,November,,,,
Korumburra,Gippsland,November,,,,
Leongatha,Gippsland,November,,,,
Moe - Newborough,Gippsland,November,,,,
Morwell,Gippsland,November,1901.00,4680.00,205809.00,108.24
Traralgon,Gippsland,November,4430.00,8520.00,617820.00,139.46
Maffra,Gippsland,November,,,,
Sale,Gippsland,November,4406.00,9360.00,581851.00,132.06
Yarram,Gippsland,November,,,,
Eltham,Melbourne East,November,,,,
Chirnside Park,Melbourne East,November,,,,
Healesville - Yarra Glen,Melbourne East,November,,,,
Kilsyth,Melbourne East,November,,,,
Lilydale - Coldstream,Melbourne East,November,1259.00,3090.00,289154.00,229.72
Mount Dandenong - Olinda,Melbourne East,November,,,,
Mount Evelyn,Melbourne East,November,,,,
Yarra Valley,Melbourne East,November,498.00,2100.00,55551.00,111.55
Beaconsfield - Officer,Melbourne East,November,,,,
Belmont,Geelong,November,,,,
Corio - Norlane,Geelong,November,,,,
Geelong,Geelong,November,13658.00,19200.00,2117018.00,155.00
Geelong West - Hamlyn Heights,Geelong,November,,,,
Newtown (Vic.),Geelong,November,809.00,2100.00,125920.00,155.65
North Geelong - Bell Park,Geelong,November,,,,
Ocean Grove - Barwon Heads,Geelong,November,,,,
Portarlington,Geelong,November,,,,
Queenscliff,Geelong,November,,,,
Woodend,Macedon,November,,,,
Macedon,Macedon,November,,,,
Romsey,Macedon,November,,,,
Creswick - Clunes,Spa Country ,November,,,,
Daylesford,Spa Country ,November,,,,
Alfredton,Ballarat,November,2657.00,4860.00,286947.00,107.98
Ballarat,Ballarat,November,6230.00,11550.00,918202.00,147.37
Ballarat - North,Ballarat,November,,,,
Ballarat - South,Ballarat,November,4608.00,7920.00,653982.00,141.92
Delacombe,Ballarat,November,,,,
Avoca,Central Highlands,November,,,,
Ararat,Central Highlands,November,1116.00,1800.00,116848.00,104.70
St Arnaud,Central Highlands,November,,,,
Stawell,Central Highlands,November,,,,
Alexandra,Upper Yarra,November,,,,
Yea,Upper Yarra,November,,,,
Wodonga,Murray East,November,3930.00,7440.00,520011.00,132.30
Phillip Island,Phillip Island,November,,,,
Wonthaggi - Inverloch,Phillip Island,November,,,,
Brunswick,Melbourne,December,3274.00,4960.00,462524.00,141.27
Thornbury,Melbourne,December,,,,
Essendon - Aberfeldie,Melbourne,December,3491.00,5301.00,530316.00,151.91
Flemington,Melbourne,December,,,,
Moonee Ponds,Melbourne,December,,,,
Carlton,Melbourne,December,13881.00,21638.00,2166792.00,156.10
Docklands,Melbourne,December,33187.00,36797.00,6583243.00,198.37
East Melbourne,Melbourne,December,35826.00,46438.00,6945992.00,193.88
Melbourne,Melbourne,December,339151.00,401786.00,64648274.00,190.62
North Melbourne,Melbourne,December,4132.00,7285.00,576927.00,139.62
Parkville,Melbourne,December,7060.00,8277.00,944301.00,133.76
South Yarra - West,Melbourne,December,,,,
Southbank,Melbourne,December,90188.00,101556.00,24940932.00,276.54
Albert Park,Melbourne,December,36920.00,46440.00,4887337.00,132.38
South Melbourne,Melbourne,December,3700.00,4898.00,613013.00,165.68
St Kilda,Melbourne,December,20809.00,25544.00,3029871.00,145.61
Prahran - Windsor,Melbourne,December,,,,
South Yarra - East,Melbourne,December,18014.00,26505.00,4176293.00,231.84
Toorak,Melbourne,December,,,,
Abbotsford,Melbourne,December,,,,
Carlton North - Princes Hill,Melbourne,December,,,,
Fitzroy,Melbourne,December,3111.00,4371.00,621330.00,199.72
Richmond (Vic.),Melbourne,December,5693.00,7626.00,894253.00,157.08
Yarra - North,Melbourne,December,,,,
Hawthorn,Melbourne,December,,,,
Hawthorn East,Melbourne,December,,,,
Kew,Melbourne,December,5161.00,7657.00,887273.00,171.92
Doncaster,Melbourne,December,,,,
Doncaster East,Melbourne,December,,,,
Blackburn,Melbourne,December,,,,
Box Hill,Melbourne,December,,,,
Burwood,Melbourne,December,,,,
Burwood East,Melbourne,December,,,,
Surrey Hills (East) - Mont Albert,Melbourne,December,,,,
Beaumaris,Melbourne,December,,,,
Brighton (Vic.),Melbourne,December,3884.00,4867.00,651081.00,167.65
Carnegie,Melbourne,December,,,,
Caulfield - North,Melbourne,December,,,,
Hughesdale,Melbourne,December,1803.00,2635.00,287782.00,159.61
Braeside,Melbourne,December,,,,
Cheltenham - Highett (East),Melbourne,December,,,,
Mentone,Melbourne,December,,,,
Moorabbin - Heatherton,Melbourne,December,,,,
Ivanhoe,Melbourne,December,,,,
Viewbank - Yallambie,Melbourne,December,,,,
Kingsbury,Melbourne,December,,,,
Preston,Melbourne,December,,,,
Reservoir - West,Melbourne,December,,,,
Bundoora - North,Melbourne,December,,,,
Mill Park - North,Melbourne,December,,,,
Thomastown,Melbourne,December,,,,
Airport West,Melbourne,December,,,,
Keilor,Melbourne,December,,,,
Coburg North,Melbourne,December,,,,
Fawkner,Melbourne,December,,,,
Sunbury - South,Melbourne,December,,,,
Broadmeadows,Melbourne,December,,,,
Campbellfield - Coolaroo,Melbourne,December,,,,
Gladstone Park - Westmeadows,Melbourne,December,11176.00,13857.00,1971493.00,176.40
Melbourne Airport,Melbourne,December,,,,
Tullamarine,Melbourne,December,,,,
Ferntree Gully,Melbourne,December,,,,
Rowville - South,Melbourne,December,,,,
Wantirna,Melbourne,December,,,,
Wantirna South,Melbourne,December,,,,
Croydon,Melbourne,December,1034.00,2511.00,129659.00,125.44
Ringwood,Melbourne,December,1377.00,2387.00,244293.00,177.41
Forest Hill,Melbourne,December,,,,
Nunawading,Melbourne,December,,,,
Doveton,Melbourne,December,,,,
Hallam,Melbourne,December,,,,
Narre Warren,Melbourne,December,,,,
Cranbourne,Melbourne,December,959.00,2914.00,136113.00,141.97
Dandenong,Melbourne,December,7164.00,10695.00,852037.00,118.93
Keysborough,Melbourne,December,,,,
Noble Park,Melbourne,December,,,,
Springvale,Melbourne,December,,,,
Ashwood - Chadstone,Melbourne,December,,,,
Clayton,Melbourne,December,1614.00,2356.00,220771.00,136.79
Glen Waverley - East,Melbourne,December,,,,
Glen Waverley - West,Melbourne,December,11531.00,16802.00,2037555.00,176.70
Mount Waverley - South,Melbourne,December,,,,
Mulgrave,Melbourne,December,,,,
Oakleigh - Huntingdale,Melbourne,December,,,,
Ardeer - Albion,Melbourne,December,,,,
Taylors Lakes,Melbourne,December,,,,
Williamstown,Melbourne,December,3294.00,4433.00,902154.00,273.88
Footscray,Melbourne,December,,,,
Caroline Springs,Melbourne,December,,,,
Melton,Melbourne,December,,,,
Melton South,Melbourne,December,,,,
Hoppers Crossing - North,Melbourne,December,,,,
Laverton,Melbourne,December,,,,
Point Cook,Melbourne,December,,,,
Werribee - South,Melbourne,December,3530.00,5921.00,638556.00,180.89
Nhill Region,Wimmera,December,,,,
Buloke,Wimmera,December,,,,
Mildura,Mallee,December,13529.00,27807.00,1467401.00,108.46
Mildura Region,Mallee,December,,,,
Red Cliffs,Mallee,December,,,,
Gannawarra,Mallee,December,,,,
Kerang,Mallee,December,,,,
Swan Hill,Mallee,December,5119.00,10168.00,557496.00,108.92
Swan Hill Region,Mallee,December,,,,
Lorne - Anglesea,Western,December,6076.00,10757.00,1258354.00,207.10
Torquay,Western,December,4941.00,7626.00,785288.00,158.93
Portland,Western,December,2779.00,5456.00,378676.00,136.26
Camperdown,Western,December,,,,
Colac,Western,December,2240.00,3441.00,218839.00,97.70
Corangamite - South,Western,December,2979.00,3596.00,584929.00,196.37
Moyne - West,Western,December,2445.00,3844.00,419181.00,171.41
Otway,Western,December,,,,
Warrnambool - North,Western,December,2189.00,5146.00,252295.00,115.26
Warrnambool - South,Western,December,10058.00,16926.00,1706785.00,169.69
Horsham,Western Grampians,December,,,,
Hamilton (Vic.),Western Grampians,December,1406.00,3906.00,174798.00,124.32
Southern Grampians,Western Grampians,December,,,,
Maryborough (Vic.),Bendigo Loddon,December,775.00,1891.00,102893.00,132.77
Bendigo,Bendigo Loddon,December,8646.00,14508.00,1050134.00,121.46
California Gully - Eaglehawk,Bendigo Loddon,December,,,,
East Bendigo - Kennington,Bendigo Loddon,December,1907.00,4774.00,277899.00,145.73
Kangaroo Flat - Golden Square,Bendigo Loddon,December,,,,
White Hills - Ascot,Bendigo Loddon,December,,,,
Castlemaine,Bendigo Loddon,December,909.00,1705.00,95223.00,104.79
Loddon,Bendigo Loddon,December,,,,
Carrum Downs,Peninsula,December,,,,
Frankston,Peninsula,December,5163.00,7843.00,750138.00,145.29
Seaford,Peninsula,December,,,,
Flinders,Peninsula,December,,,,
Hastings - Somers,Peninsula,December,,,,
Mornington,Peninsula,December,,,,
Mount Eliza,Peninsula,December,,,,
Point Nepean,Peninsula,December,5087.00,8587.00,966675.00,190.03
Rosebud - McCrae,Peninsula,December,,,,
Somerville,Peninsula,December,,,,
Echuca,Central Murray,December,7295.00,13423.00,920194.00,126.14
Rochester,Central Murray,December,,,,
Cobram,Central Murray,December,,,,
Yarrawonga,Central Murray,December,,,,
Euroa,Goulburn,December,,,,
Kilmore - Broadford,Goulburn,December,,,,
Nagambie,Goulburn,December,858.00,2356.00,106811.00,124.49
Seymour,Goulburn,December,1240.00,1488.00,171816.00,138.58
Seymour Region,Goulburn,December,,,,
Wallan,Goulburn,December,,,,
Mooroopna,Goulburn,December,,,,
Shepparton - North,Goulburn,December,2534.00,5673.00,311471.00,122.90
Shepparton - South,Goulburn,December,5808.00,12462.00,858502.00,147.82
Mansfield (Vic.),High Country,December,4222.00,11501.00,494921.00,117.22
Benalla,High Country,December,1601.00,3131.00,181644.00,113.46
Rutherglen,High Country,December,,,,
Wangaratta,High Country,December,3938.00,7998.00,534502.00,135.73
Wangaratta Region,High Country,December,,,,
Beechworth,High Country,December,903.00,1953.00,114278.00,126.55
Towong,High Country,December,1143.00,1953.00,104088.00,91.09
Bright - Mount Beauty,High Country,December,3700.00,19189.00,500737.00,135.35
Myrtleford,High Country,December,,,,
Yackandandah,High Country,December,,,,
Bairnsdale,Lakes,December,3468.00,6634.00,473915.00,136.65
Bruthen - Omeo,Lakes,December,,,,
Lakes Entrance,Lakes,December,9160.00,13764.00,1278456.00,139.56
Orbost,Lakes,December,1060.00,1984.00,121638.00,114.75
Paynesville,Lakes,December,,,,
Drouin,Gippsland,December,,,,
Mount Baw Baw Region,Gippsland,December,,,,
Warragul,Gippsland,December,1860.00,3255.00,233039.00,125.29
Foster,Gippsland,December,,,,
Korumburra,Gippsland,December,,,,
Leongatha,Gippsland,December,,,,
Moe - Newborough,Gippsland,December,,,,
Morwell,Gippsland,December,1354.00,4836.00,144456.00,106.70
Traralgon,Gippsland,December,3422.00,8804.00,573239.00,167.52
Maffra,Gippsland,December,,,,
Sale,Gippsland,December,4179.00,9672.00,573327.00,137.19
Yarram,Gippsland,December,,,,
Eltham,Melbourne East,December,,,,
Chirnside Park,Melbourne East,December,,,,
Healesville - Yarra Glen,Melbourne East,December,,,,
Kilsyth,Melbourne East,December,,,,
Lilydale - Coldstream,Melbourne East,December,1160.00,3193.00,221135.00,190.67
Mount Dandenong - Olinda,Melbourne East,December,,,,
Mount Evelyn,Melbourne East,December,,,,
Yarra Valley,Melbourne East,December,,,,
Beaconsfield - Officer,Melbourne East,December,,,,
Belmont,Geelong,December,,,,
Corio - Norlane,Geelong,December,,,,
Geelong,Geelong,December,12994.00,19840.00,2089940.00,160.84
Geelong West - Hamlyn Heights,Geelong,December,,,,
Newtown (Vic.),Geelong,December,719.00,2170.00,135109.00,187.91
North Geelong - Bell Park,Geelong,December,,,,
Ocean Grove - Barwon Heads,Geelong,December,,,,
Portarlington,Geelong,December,,,,
Queenscliff,Geelong,December,,,,
Woodend,Macedon,December,,,,
Macedon,Macedon,December,,,,
Romsey,Macedon,December,,,,
Creswick - Clunes,Spa Country ,December,,,,
Daylesford,Spa Country ,December,,,,
Alfredton,Ballarat,December,2203.00,5022.00,247917.00,112.56
Ballarat,Ballarat,December,6127.00,11935.00,913014.00,149.01
Ballarat - North,Ballarat,December,,,,
Ballarat - South,Ballarat,December,4499.00,8184.00,660265.00,146.76
Delacombe,Ballarat,December,,,,
Avoca,Central Highlands,December,,,,
Ararat,Central Highlands,December,862.00,1860.00,86882.00,100.79
St Arnaud,Central Highlands,December,,,,
Stawell,Central Highlands,December,,,,
Alexandra,Upper Yarra,December,,,,
Yea,Upper Yarra,December,,,,
Wodonga,Murray East,December,3852.00,7688.00,518053.00,134.50
Phillip Island,Phillip Island,December,,,,
Wonthaggi - Inverloch,Phillip Island,December,,,,



